GEOID10,rpp_spots
110010001001000,270
110010001001001,57
110010001001002,75
110010001001003,52
110010001001004,114
110010001001005,52
110010001001006,75
110010001001007,20
110010001001008,79
110010001001009,70
110010001001010,43
110010001001011,86
110010001002000,78
110010001002001,64
110010001002002,65
110010001002003,24
110010001002004,85
110010001002005,1
110010001002006,34
110010001002007,44
110010001002008,44
110010001002009,15
110010001003000,52
110010001003001,52
110010001003002,127
110010001003003,75
110010001003004,36
110010001003005,66
110010001003006,60
110010001003007,37
110010001003008,38
110010001003009,40
110010001003010,40
110010001003011,63
110010001003012,51
110010001004000,39
110010001004001,39
110010001004002,65
110010001004003,45
110010001004004,26
110010001004005,46
110010001004006,37
110010001004007,34
110010001004008,26
110010001004009,30
110010001004010,9
110010001004011,9
110010001004012,6
110010001004013,10
110010001004014,3
110010001004015,3
110010001004016,4
110010001004017,7
110010001004019,2
110010001004020,4
110010001004021,1
110010001004022,9
110010001004023,11
110010001004024,13
110010001004025,1
110010001004026,1
110010001004029,8
110010001004031,13
110010001004034,1
110010001004037,8
110010001004038,9
110010001004040,4
110010001004041,7
110010001004042,7
110010001004045,2
110010002011000,61
110010002011001,16
110010002021001,81
110010002021002,52
110010002021003,46
110010002021004,50
110010002021005,47
110010002021006,60
110010002021007,46
110010002021008,62
110010002021009,48
110010002021010,57
110010002021011,94
110010002022000,39
110010002022001,62
110010002022002,49
110010002022003,45
110010002022004,62
110010002022005,47
110010002022006,38
110010002022007,61
110010002022008,47
110010002023000,34
110010002023001,30
110010002023002,60
110010002023003,44
110010002023004,42
110010002023005,56
110010002023006,33
110010002023007,45
110010002023008,30
110010002023009,11
110010002023010,15
110010002023011,19
110010002023012,16
110010002023013,27
110010002024000,48
110010002024001,36
110010002024002,42
110010002024003,46
110010002024004,33
110010002024005,24
110010002024006,41
110010002024023,8
110010002024024,2
110010002024026,29
110010002024027,4
110010002024028,12
110010002024029,17
110010002024030,24
110010002024031,16
110010002024032,9
110010003001000,105
110010003001001,114
110010003001002,44
110010003001003,54
110010003001004,40
110010003001005,43
110010003001006,57
110010003001007,55
110010003001008,56
110010003001009,62
110010003001010,51
110010003001011,46
110010003001012,26
110010003002000,67
110010003002001,69
110010003002002,34
110010003002003,45
110010003002004,102
110010003002005,51
110010003002006,56
110010003003000,101
110010003003001,69
110010003003002,45
110010003003003,238
110010003003004,16
110010003003005,55
110010003003006,93
110010003003007,49
110010003003008,16
110010003003009,17
110010003003010,39
110010003003011,51
110010003003012,40
110010003003013,30
110010003004000,85
110010003004001,68
110010003004002,63
110010003004003,42
110010003004004,49
110010003004005,60
110010003004006,60
110010003004007,60
110010003004008,48
110010003004009,59
110010003004010,56
110010003004011,16
110010004001000,138
110010004001001,2
110010004001002,15
110010004001003,47
110010004001004,48
110010004001005,26
110010004001006,59
110010004001007,59
110010004001008,61
110010004001009,8
110010004001010,22
110010004001011,51
110010004001012,51
110010004001013,63
110010004001014,53
110010004001015,50
110010004001016,50
110010004001017,91
110010004001018,53
110010004001019,69
110010004001020,31
110010004001021,28
110010004001022,2
110010004002000,51
110010004002001,90
110010004002002,38
110010004002003,31
110010004002004,96
110010004002005,56
110010004002006,71
110010004002007,75
110010004002008,66
110010004002009,110
110010004002011,62
110010004002012,40
110010004002013,8
110010004002014,20
110010004002015,5
110010004002016,99
110010004002017,42
110010004002019,17
110010004002020,38
110010004002021,9
110010004002022,23
110010004002023,82
110010004002024,13
110010004002025,137
110010004002026,99
110010004002029,14
110010005011004,119
110010005011005,65
110010005011006,68
110010005011007,99
110010005011009,23
110010005011010,23
110010005011011,53
110010005011012,108
110010005012000,160
110010005012001,153
110010005012002,24
110010005012003,7
110010005012004,8
110010005012005,5
110010005021000,81
110010005021001,92
110010005021002,103
110010005021003,203
110010005021004,23
110010005021005,67
110010005021006,92
110010005021007,90
110010005021008,290
110010005021010,65
110010005021011,79
110010005021012,31
110010005021013,33
110010005021014,49
110010005022000,173
110010005022001,52
110010005022002,126
110010005022003,61
110010005022004,5
110010005022005,63
110010005022006,112
110010006001000,98
110010006001001,156
110010006001002,8
110010006001003,199
110010006001004,79
110010006001005,28
110010006002000,61
110010006002001,52
110010006002002,181
110010006002003,44
110010006002004,45
110010006002005,131
110010006002006,81
110010006002007,264
110010006002008,21
110010006002009,42
110010006003000,26
110010006003001,81
110010006003002,53
110010006003003,43
110010006003004,76
110010006003005,64
110010006003006,77
110010006003007,46
110010006003008,31
110010006004000,161
110010006004001,127
110010006004002,66
110010006004003,55
110010006004004,29
110010006004005,90
110010006004006,44
110010006004007,21
110010006004008,13
110010006004009,80
110010006004010,78
110010006004011,69
110010006004012,145
110010006004013,11
110010006004014,41
110010006004015,80
110010006004016,57
110010006004017,62
110010006004018,2
110010006004019,25
110010006004021,54
110010007011000,49
110010007011001,74
110010007011002,84
110010007011003,104
110010007011004,48
110010007011005,64
110010007011006,71
110010007011007,8
110010007012000,95
110010007012001,83
110010007013000,68
110010007013001,28
110010007013003,70
110010007014000,50
110010007014001,73
110010007014002,66
110010007014003,42
110010007014004,67
110010007014005,61
110010007014006,62
110010007014007,66
110010007014008,40
110010007014009,17
110010007021000,58
110010007021001,31
110010007021002,50
110010007021003,92
110010007021004,5
110010007021005,80
110010007021006,95
110010007021007,11
110010007022000,82
110010007023000,31
110010007023001,59
110010007023002,79
110010008011000,239
110010008011001,12
110010008012000,50
110010008012008,105
110010008012011,12
110010008012014,33
110010008012015,14
110010008013000,71
110010008013001,169
110010008013003,6
110010008013004,54
110010008013005,41
110010008013007,30
110010008013008,83
110010008013009,77
110010008013010,84
110010008013011,84
110010008013012,39
110010008013013,72
110010008013014,79
110010008013015,69
110010008013016,71
110010008013017,52
110010008013018,61
110010008013019,44
110010008013020,40
110010008013021,29
110010008013022,58
110010008013023,22
110010008013024,2
110010008013025,4
110010008013026,54
110010008013027,84
110010008013028,62
110010008013029,48
110010008013030,41
110010008013031,50
110010008013033,39
110010008013035,56
110010008014000,108
110010008014002,44
110010008014003,60
110010008014004,106
110010008014006,9
110010008014011,90
110010008014014,33
110010008021000,247
110010008021001,119
110010008021002,226
110010008021003,78
110010008021004,57
110010008021006,294
110010008021007,71
110010008021008,57
110010008021009,42
110010008021010,48
110010008021011,68
110010008021012,160
110010008021013,131
110010008022001,70
110010008022002,67
110010008022004,51
110010008022008,55
110010008022009,62
110010008022010,65
110010008022011,21
110010008022013,19
110010008022014,28
110010008022015,61
110010008022016,27
110010008022017,84
110010008022018,30
110010008022019,9
110010008022020,40
110010008022021,82
110010009011002,55
110010009011003,152
110010009011004,92
110010009011005,18
110010009011009,11
110010009011015,10
110010009011016,11
110010009011017,14
110010009012002,30
110010009012006,120
110010009012007,50
110010009012008,19
110010009012009,48
110010009012010,45
110010009012012,11
110010009012013,39
110010009012023,30
110010009012024,65
110010009012025,44
110010009013001,65
110010009013002,37
110010009013003,49
110010009013004,16
110010009013005,32
110010009013008,42
110010009013009,15
110010009013010,2
110010009013011,206
110010009013012,88
110010009013013,47
110010009013014,59
110010009013015,31
110010009013018,31
110010009013019,17
110010009013026,173
110010009013027,154
110010009013028,26
110010009013029,92
110010009013030,116
110010009021002,108
110010009021003,58
110010009021006,52
110010009021007,93
110010009021008,32
110010009022005,19
110010009022017,9
110010009022020,9
110010009022023,86
110010009022024,59
110010009022025,35
110010009022030,33
110010009022032,56
110010009022033,72
110010009022035,36
110010009022036,65
110010009022039,2
110010010011002,63
110010010011003,21
110010010011004,57
110010010011005,27
110010010011006,58
110010010011007,55
110010010011008,65
110010010011009,19
110010010011010,76
110010010011011,66
110010010011012,61
110010010011013,69
110010010012000,44
110010010012001,62
110010010012002,61
110010010012003,79
110010010012004,70
110010010012005,61
110010010012006,10
110010010012007,46
110010010012008,94
110010010012009,1
110010010012010,7
110010010012011,22
110010010012012,48
110010010012013,59
110010010012014,62
110010010012015,66
110010010012016,34
110010010012017,57
110010010012018,60
110010010012019,70
110010010012020,3
110010010012021,9
110010010012022,4
110010010012023,5
110010010012024,55
110010010012025,80
110010010012026,69
110010010012027,23
110010010012028,74
110010010012029,59
110010010012030,48
110010010012031,41
110010010012032,28
110010010013002,19
110010010013003,12
110010010013004,12
110010010013005,98
110010010013006,85
110010010013007,74
110010010013008,48
110010010013009,22
110010010013010,33
110010010013011,29
110010010013012,76
110010010013013,102
110010010013014,60
110010010013015,33
110010010013016,11
110010010014000,34
110010010014001,75
110010010014002,38
110010010014003,71
110010010014004,68
110010010014005,63
110010010014006,35
110010010014008,62
110010010014009,62
110010010014010,64
110010010014013,76
110010010014014,21
110010010014015,68
110010010014016,56
110010010014017,64
110010010014019,16
110010010014020,7
110010010014021,198
110010010014022,90
110010010014023,106
110010010014024,64
110010010014025,65
110010010014026,67
110010010014027,6
110010010014028,7
110010010015000,9
110010010015001,49
110010010015002,60
110010010015003,41
110010010015004,7
110010010015006,14
110010010015007,8
110010010015016,15
110010010016001,30
110010010016002,56
110010010016003,74
110010010016004,78
110010010016005,6
110010010016006,34
110010010016007,48
110010010016008,54
110010010016009,72
110010010016010,53
110010010016012,29
110010010016013,59
110010010016014,59
110010010016015,51
110010010016016,31
110010010016017,64
110010010016018,66
110010010016019,49
110010010016020,9
110010010016021,60
110010010021000,80
110010010022000,54
110010010022001,91
110010010022002,37
110010010022003,107
110010010022004,6
110010010022005,115
110010010022006,49
110010010022007,10
110010010023001,32
110010010023002,41
110010010023003,57
110010010023004,39
110010010023005,8
110010010023006,186
110010011001000,2
110010011001001,61
110010011001002,14
110010011001003,59
110010011001004,26
110010011001005,52
110010011001006,66
110010011001007,25
110010011001008,92
110010011001009,58
110010011001010,89
110010011001011,98
110010011001012,84
110010011001013,109
110010011001014,51
110010011001015,8
110010011001016,46
110010011001017,74
110010011001018,92
110010011001019,54
110010011001020,71
110010011001021,72
110010011001022,66
110010011001023,48
110010011002000,36
110010011002001,59
110010011002002,41
110010011002003,68
110010011002004,76
110010011002005,74
110010011002006,88
110010011002007,77
110010011002008,24
110010011002009,45
110010011002010,67
110010011002011,27
110010011002013,53
110010011002015,43
110010011002016,59
110010011002017,82
110010011002018,83
110010011002019,33
110010011002020,20
110010011002021,65
110010011002022,35
110010011002023,38
110010011002024,45
110010011002025,80
110010011002026,48
110010011002027,72
110010011002028,21
110010011003000,74
110010011003001,67
110010011003002,57
110010011003003,81
110010011003004,90
110010011003005,28
110010011003006,56
110010011003007,90
110010011003008,55
110010011003009,42
110010011004000,38
110010011004001,65
110010011004002,68
110010011004003,61
110010011004004,64
110010011004005,76
110010011004006,106
110010011004007,7
110010011004009,17
110010011004010,112
110010011004011,31
110010011004013,6
110010011004014,32
110010011004015,48
110010011004016,50
110010011004017,5
110010011004020,38
110010011004021,43
110010011004024,39
110010011004025,20
110010011004028,13
110010011004030,56
110010012001002,13
110010012001003,40
110010012001004,56
110010012001005,42
110010012001006,23
110010012001007,4
110010012001008,71
110010012001009,46
110010012001010,66
110010012001011,79
110010012001012,74
110010012001013,90
110010012001014,13
110010012001015,1
110010012002000,102
110010012002001,78
110010012002002,77
110010012002003,86
110010012002004,59
110010012002005,1
110010012002006,67
110010012002007,82
110010012002008,114
110010012003000,42
110010012003001,86
110010012003002,78
110010012003003,67
110010012003004,74
110010012003005,24
110010012003006,34
110010012003007,74
110010012003008,76
110010012003009,70
110010012003010,82
110010012004000,58
110010012004001,46
110010012004002,37
110010012004003,65
110010012004004,71
110010012004005,30
110010012004007,2
110010012004008,2
110010012004010,132
110010012004012,90
110010012004013,89
110010012004014,71
110010012004015,59
110010012004016,66
110010012004017,72
110010012004018,26
110010012004019,9
110010012004020,72
110010012004021,68
110010012004022,68
110010012004023,66
110010012004024,2
110010012004025,73
110010012004026,64
110010012004027,9
110010013011004,78
110010013011007,99
110010013011009,68
110010013011014,31
110010013011016,109
110010013011017,108
110010013011018,43
110010013011019,76
110010013012005,81
110010013012010,61
110010013012012,34
110010013013000,31
110010013013001,26
110010013013002,118
110010013013003,84
110010013013004,48
110010013013005,57
110010013013006,34
110010013013007,93
110010013021000,77
110010013021001,147
110010013022001,201
110010013022003,30
110010013022007,138
110010013022008,73
110010013022009,59
110010013023000,31
110010013023005,103
110010013023006,12
110010013023007,39
110010013023008,101
110010013023009,67
110010013023010,37
110010013023011,8
110010014011010,44
110010014011011,50
110010014011012,69
110010014011013,90
110010014011014,42
110010014011015,66
110010014011016,50
110010014011017,62
110010014011018,90
110010014012006,16
110010014012007,51
110010014012008,75
110010014012012,102
110010014012013,103
110010014012015,12
110010014012017,11
110010014012018,50
110010014012019,89
110010014012020,100
110010014021011,27
110010014022002,26
110010014022003,62
110010014022004,47
110010014022005,53
110010014022006,13
110010014023000,60
110010014023001,70
110010014023002,62
110010014023003,62
110010014023004,58
110010014023005,69
110010014023006,57
110010014023007,92
110010014023008,95
110010014023009,46
110010015002005,12
110010016001000,51
110010016001001,70
110010016001002,62
110010016001003,88
110010016001004,99
110010016001005,104
110010016001006,49
110010016001007,68
110010016001008,58
110010016001009,52
110010016001010,78
110010016001011,91
110010016001012,87
110010016001013,33
110010016001014,47
110010016001015,44
110010016001016,79
110010016001017,103
110010016001018,45
110010016001019,102
110010016001020,89
110010016001021,52
110010016001022,65
110010016002001,62
110010016002002,67
110010016002003,58
110010016002004,26
110010016002005,53
110010016002006,64
110010016002007,74
110010016002008,36
110010016002009,54
110010016002010,68
110010016002011,74
110010016002012,39
110010016003000,69
110010016003001,66
110010016003002,62
110010016003003,88
110010016003004,91
110010016003005,79
110010016003006,59
110010016003007,22
110010016003008,92
110010016003009,85
110010016003010,79
110010016003011,83
110010016003012,49
110010016003013,71
110010016003014,195
110010016003015,40
110010016004000,124
110010016004002,143
110010016004004,58
110010016004005,87
110010016004009,61
110010016004011,115
110010016004012,56
110010016004015,7
110010016004016,30
110010016004017,42
110010016004018,79
110010016004019,54
110010016004020,12
110010016004021,64
110010016004022,20
110010016004023,53
110010016004029,63
110010017021000,14
110010017021001,15
110010017021002,17
110010017021003,10
110010017021004,16
110010017021005,63
110010017021006,45
110010017021008,48
110010017021012,26
110010017021013,62
110010017021014,66
110010017021015,74
110010017021016,25
110010017021017,30
110010017021018,70
110010017021019,60
110010017021020,21
110010017021021,47
110010017021022,7
110010017021023,10
110010017021027,12
110010017021028,61
110010017021029,59
110010017022000,41
110010017022001,11
110010017022002,1
110010017022003,1
110010017022004,58
110010017022005,47
110010017022006,61
110010017022007,50
110010017022008,29
110010017022009,29
110010017022010,20
110010017022011,9
110010017022012,40
110010017022014,44
110010017022015,67
110010017022016,68
110010017022017,18
110010017022018,27
110010017022019,58
110010018031000,83
110010018031001,85
110010018031002,86
110010018031003,82
110010018031004,31
110010018031005,54
110010018031006,72
110010018031007,90
110010018031011,30
110010018032000,72
110010018032001,65
110010018032002,82
110010018032003,61
110010018032004,58
110010018032005,50
110010018041000,37
110010018041001,40
110010018041002,75
110010018041003,126
110010018041004,110
110010018041005,46
110010018041006,53
110010018041007,88
110010018042000,95
110010018042001,88
110010018042002,60
110010018042003,34
110010018042004,8
110010018042007,25
110010018042008,30
110010018042009,4
110010018042010,10
110010018042011,14
110010018042012,14
110010018042013,7
110010018042014,11
110010018042015,12
110010018042016,7
110010018043000,98
110010018043001,93
110010018043002,46
110010018043003,35
110010018043004,25
110010018043005,46
110010018043007,20
110010019011004,51
110010019011005,13
110010019011006,40
110010019011012,41
110010019012004,19
110010019012011,15
110010019013000,65
110010019013001,5
110010019013002,43
110010019013003,23
110010019013004,31
110010019013006,18
110010019013007,5
110010019013008,38
110010019013009,5
110010019013010,24
110010019013011,19
110010019013012,5
110010019014000,24
110010019014004,30
110010019014005,39
110010019014007,6
110010019014010,7
110010019014011,56
110010019014012,19
110010019014014,24
110010019014015,16
110010019021000,35
110010019021001,52
110010019021008,41
110010019021012,35
110010019021013,20
110010019021014,35
110010019021016,29
110010019021017,49
110010019022000,35
110010019022001,55
110010019022002,22
110010019022003,30
110010019022004,106
110010019022005,19
110010019022007,44
110010019022008,51
110010019022009,18
110010019022010,16
110010019022011,55
110010019022012,16
110010019022013,28
110010019022015,37
110010019022016,27
110010020011000,21
110010020011001,5
110010020011002,3
110010020011008,19
110010020012000,40
110010020012004,78
110010020012005,35
110010020012010,65
110010020012011,45
110010020012014,105
110010020012015,5
110010020021001,13
110010020021002,28
110010020021003,13
110010020021004,13
110010020021005,14
110010020021007,17
110010020021008,17
110010020021009,17
110010020021010,5
110010020021011,23
110010020021012,48
110010020021013,4
110010020021014,14
110010020021015,60
110010020021016,65
110010020021018,9
110010020021019,61
110010020021020,12
110010020021021,40
110010020021022,20
110010020021023,16
110010020021024,37
110010020021025,33
110010020021026,49
110010020022000,41
110010020022002,14
110010020022003,29
110010020022004,34
110010020022005,18
110010020023000,52
110010020023001,57
110010020023002,46
110010020023003,42
110010020023004,45
110010020023007,62
110010020023008,26
110010020023009,14
110010020023011,6
110010020023012,20
110010020023013,11
110010021011000,10
110010021011001,16
110010021011007,18
110010021012000,41
110010021012002,14
110010021012003,42
110010021013000,14
110010021013001,19
110010021013002,19
110010021013004,42
110010021013005,14
110010021014000,37
110010021014001,26
110010021014002,42
110010021014003,40
110010021014004,11
110010021014005,28
110010021014007,13
110010021014008,2
110010021014009,37
110010021015000,14
110010021015001,14
110010021015002,1
110010021015003,24
110010021015004,25
110010021015005,32
110010021021000,25
110010021021002,9
110010021021005,18
110010021021006,1
110010021021007,9
110010021021008,9
110010021021011,21
110010021021012,40
110010021021013,5
110010021021016,11
110010021022000,25
110010021022002,59
110010021022003,41
110010021022004,15
110010021022005,25
110010021022006,13
110010021022007,39
110010021022008,81
110010021022009,86
110010021023000,56
110010021023001,35
110010021023004,30
110010021023005,26
110010021024000,16
110010021024001,17
110010021024003,42
110010021024005,17
110010021024007,60
110010021024008,43
110010021025002,23
110010021025003,28
110010021025004,19
110010021025005,14
110010021026002,18
110010021026003,56
110010021026004,73
110010021026005,32
110010021026006,14
110010021026009,74
110010022011000,26
110010022011001,7
110010022011002,7
110010022011003,15
110010022011004,27
110010022011005,4
110010022011006,37
110010022011007,57
110010022011008,28
110010022011009,16
110010022011011,38
110010022012000,60
110010022012001,16
110010022012003,15
110010022012005,8
110010022012006,16
110010022012007,30
110010022012008,41
110010022012009,14
110010022012010,14
110010022012011,12
110010022012012,12
110010022012013,8
110010022012014,9
110010022012015,31
110010022013001,14
110010022013002,18
110010022013003,38
110010022013004,33
110010022013006,24
110010022013007,27
110010022021000,62
110010022021001,109
110010022021002,27
110010022021003,44
110010022021004,51
110010022021006,44
110010022021007,40
110010022021008,65
110010022022001,23
110010022022002,51
110010022022003,13
110010022023001,22
110010022023002,31
110010022023003,8
110010022023004,31
110010022023005,19
110010022023006,19
110010022023007,23
110010023011000,42
110010023011001,6
110010023011003,32
110010023011006,12
110010023011007,7
110010023011008,6
110010023011012,18
110010023011013,43
110010023011017,50
110010023011018,13
110010023012000,28
110010023012001,16
110010023012002,52
110010023012003,14
110010023012005,19
110010023012006,14
110010023012007,14
110010023012008,18
110010023012009,13
110010023012010,33
110010023012011,33
110010023012012,41
110010023012013,9
110010023012014,14
110010023021001,16
110010023021010,34
110010023021013,44
110010023021025,44
110010023021026,5
110010024001000,82
110010024001001,63
110010024001002,12
110010024001003,34
110010024001004,4
110010024001005,21
110010024001006,43
110010024001007,51
110010024001008,48
110010024002000,26
110010024002001,27
110010024002002,20
110010024002004,33
110010024002005,27
110010024002006,6
110010024002007,25
110010024002008,7
110010024002009,25
110010024002010,7
110010024002011,14
110010024002012,4
110010024002013,1
110010024002017,45
110010024002018,47
110010024003000,30
110010024003001,40
110010024003002,36
110010024003003,46
110010024003004,56
110010024003005,35
110010024003006,23
110010024003007,15
110010024004000,60
110010024004001,78
110010024004002,16
110010024004003,63
110010024004004,32
110010024004005,5
110010024004006,47
110010024004007,72
110010024004008,52
110010024004009,37
110010025011000,77
110010025011001,34
110010025011002,66
110010025011003,52
110010025011004,32
110010025011005,52
110010025011006,9
110010025011007,72
110010025011009,46
110010025011010,43
110010025011011,62
110010025012000,53
110010025012001,44
110010025012002,43
110010025012003,26
110010025012004,36
110010025012005,53
110010025012006,67
110010025012007,51
110010025012008,70
110010025012009,64
110010025012010,51
110010025012011,70
110010025012012,97
110010025012013,43
110010025012014,3
110010025021002,52
110010025021003,47
110010025021004,75
110010025021005,69
110010025022000,56
110010025022001,56
110010025022002,48
110010025022003,23
110010025022004,59
110010025022005,21
110010025022006,48
110010025022007,48
110010025022008,31
110010025022009,9
110010025023000,81
110010025023001,100
110010025023002,88
110010025023003,83
110010025023004,45
110010025023005,5
110010025024000,65
110010025024001,85
110010025024002,119
110010025024003,27
110010025024004,9
110010026001000,44
110010026001023,34
110010026002000,7
110010026002006,36
110010026002010,109
110010026002011,37
110010026002015,47
110010026002020,14
110010026002021,14
110010026002022,40
110010026002023,13
110010026002024,41
110010026002026,81
110010026002027,69
110010026002029,67
110010026002030,65
110010027011000,58
110010027011001,21
110010027011002,52
110010027012000,51
110010027012001,25
110010027012002,51
110010027012003,86
110010027012004,80
110010027012005,110
110010027012006,50
110010027012007,18
110010027013000,153
110010027013001,35
110010027013002,2
110010027014000,111
110010027021000,30
110010027021001,29
110010027021002,10
110010027021003,11
110010027021004,40
110010027021005,15
110010027021006,31
110010027022000,56
110010027022001,76
110010027022002,76
110010027022003,65
110010027022004,55
110010027022005,88
110010027022006,66
110010027022007,102
110010027022008,4
110010027023000,66
110010027023001,33
110010027023007,42
110010027023008,81
110010027023009,59
110010027023010,63
110010027023012,29
110010028011000,5
110010028011001,69
110010028011002,20
110010028011003,119
110010028012000,15
110010028012001,60
110010028012002,52
110010028012003,30
110010028012004,31
110010028012005,38
110010028012006,57
110010028012007,47
110010028021001,64
110010028021002,42
110010028021003,19
110010028021004,63
110010028021005,18
110010028021006,6
110010028022000,106
110010028022001,43
110010028022002,53
110010028022003,78
110010028022004,61
110010028022005,17
110010028022006,4
110010029001000,22
110010029001001,64
110010029001002,44
110010029001003,57
110010029001004,74
110010029001005,62
110010029001006,22
110010029001007,48
110010029002000,55
110010029002001,28
110010029002002,39
110010029002003,46
110010029002004,52
110010029002005,82
110010029002006,47
110010029002007,53
110010029002008,52
110010029002009,54
110010029002010,50
110010030001000,55
110010030001001,91
110010030001002,12
110010030001003,65
110010030001004,54
110010030001005,74
110010030002000,32
110010030002001,75
110010030002002,79
110010030002003,79
110010030002004,45
110010031001000,10
110010031001001,37
110010031001002,57
110010031001003,68
110010031001004,65
110010031001005,24
110010031001006,59
110010031001007,68
110010031001008,63
110010031001009,42
110010031001010,51
110010031001011,83
110010031001012,47
110010031001013,46
110010031001014,33
110010031001015,32
110010031001016,66
110010031001017,65
110010032001000,13
110010032001001,27
110010032001002,41
110010032001003,69
110010032001004,61
110010032001005,57
110010032001006,65
110010032002000,44
110010032002001,32
110010032002002,45
110010032002003,90
110010032002004,25
110010032002005,52
110010032003000,42
110010032003001,130
110010032003002,42
110010032003003,93
110010032003004,58
110010032003005,37
110010032004000,56
110010032004001,53
110010032004003,43
110010032004004,49
110010032004005,20
110010032004006,88
110010032004007,6
110010032004010,57
110010033011000,88
110010033011001,83
110010033011002,97
110010033011003,88
110010033011004,120
110010033012000,93
110010033012001,83
110010033012002,54
110010033012003,57
110010033012004,50
110010033012005,26
110010033013000,72
110010033013001,43
110010033013002,56
110010033013003,56
110010033013004,40
110010033013005,36
110010033021000,154
110010033021001,6
110010033021002,68
110010033021003,102
110010033021004,99
110010033021005,67
110010033021006,56
110010033022000,96
110010033022001,98
110010033022002,48
110010033022003,28
110010033022004,72
110010033022005,26
110010033022006,7
110010034001000,51
110010034001001,81
110010034001002,44
110010034001003,54
110010034001004,50
110010034002000,49
110010034002002,7
110010034002003,35
110010034002004,6
110010034002005,60
110010034002011,3
110010034002012,24
110010034002014,25
110010034002015,26
110010034002016,28
110010034002017,36
110010034002018,44
110010034002019,50
110010034002020,13
110010034002021,6
110010034002022,26
110010034002023,37
110010034002024,56
110010034002025,38
110010034002026,47
110010034002027,10
110010034002028,38
110010035001000,72
110010035001001,32
110010035001002,64
110010035001003,73
110010035001004,46
110010035001005,55
110010035001006,52
110010035002001,60
110010035002002,107
110010035002003,11
110010035002004,55
110010035002005,40
110010035002006,11
110010035002007,11
110010035002008,9
110010036001000,81
110010036001001,82
110010036001002,60
110010036002000,72
110010036002001,68
110010036002002,69
110010036003000,72
110010036003001,85
110010036003002,82
110010036003003,70
110010036003004,53
110010036003005,93
110010037001000,61
110010037001001,20
110010037001002,88
110010037001003,8
110010037002000,70
110010037002001,13
110010037002002,93
110010037002003,54
110010037003000,57
110010037003001,40
110010037003002,53
110010037003003,70
110010038001000,88
110010038001001,68
110010038001002,76
110010038001003,60
110010038002000,93
110010038002001,53
110010038002002,141
110010038002003,47
110010038002004,45
110010038002005,23
110010038002006,3
110010038002007,3
110010038003000,4
110010038003001,55
110010038003002,22
110010038003003,47
110010038003004,27
110010038003005,24
110010038003006,9
110010038003007,48
110010039001000,20
110010039001001,50
110010039001002,49
110010039001003,50
110010039002000,11
110010039002001,57
110010039002002,51
110010039002003,29
110010039002010,66
110010039002011,51
110010039003000,54
110010039003001,27
110010039003002,54
110010039003003,57
110010039003004,7
110010039004000,100
110010039004001,66
110010039004002,26
110010040011000,39
110010040011001,70
110010040011002,73
110010040011003,70
110010040011004,15
110010040012000,41
110010040012001,61
110010040012002,44
110010040012003,8
110010040012004,19
110010040013000,26
110010040013002,36
110010040013003,47
110010040013004,30
110010040013005,9
110010040013006,30
110010040013007,64
110010040013008,69
110010040013009,75
110010040021000,37
110010040021001,60
110010040022000,76
110010040022001,76
110010040022002,68
110010040022003,46
110010040023000,15
110010040023001,61
110010040023002,1
110010041001000,27
110010041001001,71
110010041001002,53
110010041001003,48
110010041001004,114
110010041002000,3
110010041002001,184
110010041002002,62
110010041002003,44
110010041002004,106
110010041002005,34
110010041002007,2
110010041002008,44
110010041002010,25
110010041002012,62
110010041002013,50
110010041002014,67
110010041002015,67
110010041003000,59
110010041003001,117
110010041003002,78
110010041003003,84
110010041003005,6
110010041003006,7
110010041003010,4
110010041003011,63
110010041003013,87
110010041003014,90
110010041003015,60
110010041003016,61
110010041003018,1
110010041003020,21
110010041003021,38
110010041003022,4
110010041003023,5
110010041003024,9
110010041003026,1
110010041003028,46
110010041003029,28
110010041003030,13
110010041003031,40
110010042011000,57
110010042011001,56
110010042011002,42
110010042011003,50
110010042011004,48
110010042011005,18
110010042011006,62
110010042012000,16
110010042012001,40
110010042012002,55
110010042012003,47
110010042012004,90
110010042012005,84
110010042012006,72
110010042012007,23
110010042021000,62
110010042021001,54
110010042021002,44
110010042021003,46
110010042021004,23
110010042021005,44
110010042021006,21
110010042021007,5
110010042021008,30
110010042021009,3
110010042021010,7
110010042021011,9
110010042022000,28
110010042022001,49
110010042022002,33
110010042022003,5
110010042022004,36
110010042022005,1
110010042022007,48
110010043001000,44
110010043001001,33
110010043001002,15
110010043001003,39
110010043001004,33
110010043001005,35
110010043001006,22
110010043001007,37
110010043002000,24
110010043002001,21
110010043002002,58
110010043002003,60
110010043002004,60
110010043002005,44
110010043002006,59
110010044001000,46
110010044001001,28
110010044001002,47
110010044001003,52
110010044001004,49
110010044001005,61
110010044001006,41
110010044001007,28
110010044001008,26
110010044001009,37
110010044001010,45
110010044001011,30
110010044001012,5
110010044001013,17
110010044001014,35
110010044001015,30
110010044001016,47
110010044001017,29
110010044001018,22
110010044002000,26
110010044002001,13
110010044002002,104
110010044002004,16
110010044002005,29
110010044002006,42
110010044002007,21
110010044002008,39
110010044002009,49
110010044002010,74
110010044002011,52
110010044002012,32
110010044002013,36
110010044002014,10
110010044002015,65
110010044002016,41
110010044002017,30
110010044002018,62
110010046001000,73
110010046001001,32
110010046001002,78
110010046001003,70
110010046001004,127
110010046001005,43
110010046002000,99
110010046002001,12
110010046002002,7
110010046002003,59
110010046002004,8
110010046002005,23
110010046002006,121
110010046002007,16
110010046002008,42
110010046002009,34
110010046002010,13
110010046002011,8
110010046002012,7
110010046002013,9
110010046002014,55
110010046002015,86
110010046002016,24
110010046002017,9
110010046002018,17
110010047011000,27
110010047011001,23
110010047011002,9
110010047012000,28
110010047012001,14
110010047012002,8
110010047012003,29
110010047012004,46
110010047012006,23
110010047012007,32
110010047012008,8
110010047012009,53
110010047012010,35
110010047021003,6
110010047021005,8
110010047021006,4
110010047021007,27
110010047021008,21
110010047021009,12
110010047021010,3
110010047021011,32
110010047021012,11
110010048011000,23
110010048011001,26
110010048011002,35
110010048011003,12
110010048011004,21
110010048011005,20
110010048011006,37
110010048011007,29
110010048011008,14
110010048011009,22
110010048011010,38
110010048011011,53
110010048011012,50
110010048011013,52
110010048011014,85
110010048011015,58
110010048011016,57
110010048011017,61
110010048011018,50
110010048011019,5
110010048011020,35
110010048011021,35
110010048011022,43
110010048011023,43
110010048011024,4
110010048021000,51
110010048021001,81
110010048021002,40
110010048021003,10
110010048021005,17
110010048021006,56
110010048021007,83
110010048022000,51
110010048022001,56
110010048022002,90
110010048022003,55
110010048022004,57
110010048022005,62
110010048022006,36
110010048022007,23
110010049011000,29
110010049011001,44
110010049011002,38
110010049011003,40
110010049011004,60
110010049011005,25
110010049011006,15
110010049012000,41
110010049012001,43
110010049012002,40
110010049012003,68
110010049012004,32
110010049012005,59
110010049012006,38
110010049012007,13
110010049012008,51
110010049012009,45
110010049012010,49
110010049012011,48
110010049012012,5
110010049012013,48
110010049012014,45
110010049021000,33
110010049021001,24
110010049021002,20
110010049021003,19
110010049021004,34
110010049021005,53
110010049021006,25
110010049021007,14
110010049022000,28
110010049022001,13
110010049022002,28
110010049022004,62
110010049022005,18
110010049022006,14
110010049022007,45
110010049022008,17
110010049022009,8
110010049022011,79
110010049022012,13
110010049022013,55
110010050011000,16
110010050011001,41
110010050011002,16
110010050011003,55
110010050011004,5
110010050011005,53
110010050011006,24
110010050011007,33
110010050011008,32
110010050011009,21
110010050011010,47
110010050012000,31
110010050012001,53
110010050012002,54
110010050012003,55
110010050012004,57
110010050012005,29
110010050012006,9
110010050012007,1
110010050021000,64
110010050021001,37
110010050021002,35
110010050022000,18
110010050022001,55
110010050022002,54
110010050022003,23
110010050022004,15
110010050022005,38
110010050022006,73
110010050023000,21
110010050023001,10
110010050023002,1
110010050023004,45
110010050023005,47
110010050023006,56
110010050023007,68
110010050023008,8
110010050024000,27
110010050024001,18
110010050024002,22
110010050024003,30
110010050024004,4
110010052011000,39
110010052011001,31
110010052011002,35
110010052011003,4
110010052011004,4
110010052011005,4
110010052011006,4
110010052012000,80
110010052012001,52
110010052012002,55
110010052012003,58
110010052012004,40
110010052012005,44
110010052012006,33
110010052012007,4
110010052012008,10
110010052012009,10
110010052013000,9
110010052013001,22
110010052013002,3
110010052014000,39
110010052014001,61
110010052014002,66
110010052014003,69
110010052014004,51
110010052014005,36
110010053011000,59
110010053011001,59
110010053011002,54
110010053012000,30
110010053012001,82
110010053012002,22
110010053012003,2
110010053012004,85
110010053012005,15
110010053013000,25
110010053013001,68
110010053013002,6
110010053013003,17
110010053013005,1
110010053014000,48
110010053014001,29
110010053014002,18
110010053014003,25
110010053014004,18
110010053014005,43
110010055001000,5
110010055001001,34
110010055001002,35
110010055001003,22
110010055001004,24
110010055001005,28
110010055001008,19
110010055001009,2
110010055001010,23
110010055001011,2
110010055001013,16
110010055001014,4
110010055001015,26
110010055001016,14
110010055001017,32
110010055002001,6
110010055002002,11
110010055002003,1
110010055002004,14
110010055002005,34
110010055002006,6
110010055002007,1
110010055002008,1
110010055002009,1
110010055002010,20
110010055002011,14
110010055002012,7
110010055003000,32
110010055003001,29
110010055003002,23
110010055003003,21
110010055003004,26
110010055003005,39
110010055003006,42
110010055003007,28
110010055003008,32
110010055003009,38
110010055003010,23
110010055004000,58
110010055004001,59
110010055004002,48
110010055005000,6
110010055005001,34
110010055005002,39
110010055005003,50
110010055005004,7
110010056001000,7
110010056001001,52
110010056001002,62
110010056001003,8
110010056001004,13
110010056001005,21
110010056001006,14
110010056001007,40
110010056001008,55
110010056002000,47
110010056002001,5
110010056002002,7
110010056002005,29
110010056002006,2
110010056002007,6
110010056002008,9
110010056002012,6
110010056002015,2
110010056002016,4
110010056002017,42
110010056002018,14
110010056002019,5
110010056002023,1
110010056003000,7
110010056003001,8
110010056003002,7
110010056003003,6
110010056003004,5
110010056003005,13
110010056003006,2
110010056004000,12
110010056004001,58
110010056004002,7
110010056004003,48
110010056004004,43
110010056004005,11
110010056004006,3
110010058001000,3
110010058002000,6
110010058002002,13
110010058002003,11
110010058002005,14
110010059001007,21
110010059001008,22
110010059001009,2
110010059001010,26
110010059001013,1
110010059001015,15
110010062021000,16
110010062021003,16
110010062021047,7
110010062021123,29
110010062021139,38
110010062021142,18
110010064001000,31
110010064001001,56
110010064001002,27
110010064001003,30
110010064001004,40
110010064001005,13
110010064001006,118
110010064001007,54
110010064001008,58
110010064001009,68
110010064002000,20
110010064002001,32
110010064002002,38
110010064002003,48
110010064002004,67
110010064002005,24
110010064002006,6
110010064002007,42
110010064002008,39
110010064002009,67
110010064002010,38
110010064002011,11
110010064002012,16
110010064002013,2
110010064002018,1
110010064002024,9
110010064002033,31
110010065001000,84
110010065001001,45
110010065001002,17
110010065001003,4
110010065001004,55
110010065001005,61
110010065001006,45
110010065001007,45
110010065001008,55
110010065001009,49
110010065001010,38
110010065001011,15
110010065001012,7
110010065002000,56
110010065002001,46
110010065002002,47
110010065002003,56
110010065002004,40
110010065002005,23
110010065002006,58
110010065002007,47
110010065002008,12
110010065002009,19
110010065002010,13
110010065002011,6
110010065002012,55
110010065002013,64
110010065002014,48
110010065002015,44
110010065002016,24
110010065002017,24
110010065002018,59
110010065002019,48
110010065002022,6
110010065002023,24
110010066001000,53
110010066001001,76
110010066001002,49
110010066001003,49
110010066001004,45
110010066001005,13
110010066001006,6
110010066001007,29
110010066001008,48
110010066001009,47
110010066001010,78
110010066001011,42
110010066001012,15
110010066001013,3
110010066001014,39
110010066001015,48
110010066001016,62
110010066001017,5
110010066001018,36
110010066001019,11
110010066001020,47
110010066001021,26
110010066001022,4
110010066001023,17
110010066001024,12
110010067001000,54
110010067001001,79
110010067001002,55
110010067001003,42
110010067001004,97
110010067001005,19
110010067001006,61
110010067001007,17
110010067001008,59
110010067001009,48
110010067001010,25
110010067002000,9
110010067002001,58
110010067002002,74
110010067002003,29
110010067002004,45
110010067002005,32
110010067002006,58
110010067002007,61
110010067002008,31
110010067002009,44
110010067002010,50
110010067003000,34
110010067003001,43
110010067003002,53
110010067003003,35
110010067003004,10
110010067003005,40
110010067003006,62
110010067003007,64
110010067003008,64
110010067003009,66
110010067003010,35
110010067003011,55
110010067003012,49
110010067003013,49
110010068011000,68
110010068011001,67
110010068011002,65
110010068011003,65
110010068011004,54
110010068011005,58
110010068011006,62
110010068011007,42
110010068011008,47
110010068011009,51
110010068011010,2
110010068012000,59
110010068012001,44
110010068012002,58
110010068012003,58
110010068012004,63
110010068012005,49
110010068021000,59
110010068021001,71
110010068021002,40
110010068021003,53
110010068021004,73
110010068021005,63
110010068021006,61
110010068022000,59
110010068022001,62
110010068022002,62
110010068022003,63
110010068022004,60
110010068022005,52
110010068022006,37
110010068022007,44
110010068022008,20
110010068022009,36
110010068022010,75
110010068022011,5
110010068022012,15
110010068022013,55
110010068022014,47
110010068022015,56
110010068041002,6
110010068041005,8
110010068041006,10
110010068041007,4
110010068041011,120
110010068041012,33
110010068041014,40
110010068041015,60
110010068041016,28
110010068041017,20
110010068041024,89
110010069001000,43
110010069001001,59
110010069001002,49
110010069001003,53
110010069001004,183
110010069001005,56
110010069001006,40
110010069001007,32
110010069001008,17
110010069001009,34
110010069001010,60
110010069001011,71
110010069001012,31
110010069001013,17
110010069001014,40
110010069001015,75
110010069001016,47
110010069001017,88
110010069002000,62
110010069002001,47
110010069002002,50
110010069002003,69
110010069002004,38
110010069002005,43
110010069002006,72
110010069002007,33
110010069002008,41
110010069002009,14
110010069002011,33
110010070001000,70
110010070001001,47
110010070001002,41
110010070001003,60
110010070001004,58
110010070001005,63
110010070001006,47
110010070001007,32
110010070001008,48
110010070001009,44
110010070001010,42
110010070001011,56
110010070001012,28
110010070001013,10
110010070001015,11
110010070002000,5
110010070002001,14
110010070002002,7
110010070002003,13
110010070002004,10
110010070002005,4
110010070002006,32
110010070002007,23
110010070002008,39
110010070002009,33
110010070002010,51
110010070002011,48
110010070002012,47
110010070002013,37
110010070002014,59
110010070002015,62
110010070002016,76
110010070002017,79
110010070002018,20
110010070002019,10
110010070002021,7
110010071001000,3
110010071001001,23
110010071001006,13
110010071001007,84
110010071001008,73
110010071001009,46
110010071001018,4
110010071001032,11
110010071001033,3
110010071002000,78
110010071002001,61
110010071002002,18
110010071002003,88
110010071002004,99
110010071002005,71
110010071002006,25
110010071002007,84
110010071002008,43
110010071002009,54
110010071002010,44
110010071002011,63
110010071002012,43
110010071002013,53
110010072001005,1
110010072001006,15
110010072001007,1
110010072001014,16
110010072001015,16
110010072001016,33
110010072001017,2
110010072001018,8
110010072001019,13
110010072001020,25
110010072001021,38
110010072002003,36
110010072002004,18
110010072002005,38
110010072002006,5
110010072002007,4
110010072002008,1
110010072002010,17
110010072002011,41
110010072002012,14
110010072002013,12
110010072002014,13
110010072002017,6
110010072002018,23
110010072002019,16
110010072002020,54
110010072002021,29
110010072002022,16
110010072002039,10
110010072002040,11
110010072002057,24
110010073041003,2
110010073041004,14
110010073041012,45
110010073041013,53
110010073042000,64
110010073042001,26
110010073042002,30
110010073042004,16
110010073043000,6
110010074011015,66
110010074011017,19
110010074011018,1
110010074011019,88
110010074011021,28
110010074011022,8
110010074011030,18
110010074011032,20
110010074011033,92
110010074011034,21
110010074011035,77
110010074011036,20
110010074011037,77
110010074012000,14
110010074012002,14
110010074012003,31
110010074031000,13
110010074031004,43
110010074031005,14
110010074041004,10
110010074041008,17
110010074041009,26
110010074042006,10
110010074042007,14
110010074071005,9
110010074071006,54
110010074071007,55
110010074071009,26
110010074071011,14
110010074072000,13
110010074072001,18
110010074072002,20
110010074072003,8
110010074072006,26
110010074072008,48
110010074072009,33
110010074072010,5
110010074072011,18
110010074081000,7
110010074081003,14
110010074081004,27
110010074081005,33
110010074081006,29
110010074081007,28
110010074081008,5
110010074081009,48
110010074081010,29
110010074091001,7
110010074091002,6
110010074092001,15
110010074093005,15
110010075021000,77
110010075021001,6
110010075021003,68
110010075021004,60
110010075022001,20
110010075022002,7
110010075022005,19
110010075022007,1
110010075031000,11
110010075031001,11
110010075031002,17
110010075031006,29
110010075031007,27
110010075031009,30
110010075031010,48
110010075031011,32
110010075031013,26
110010075031014,13
110010075031015,10
110010075031016,40
110010075031017,17
110010075031018,15
110010075041000,11
110010075041001,22
110010075041002,24
110010075041004,61
110010076011001,19
110010076011004,37
110010076011005,35
110010076011006,26
110010076011007,9
110010076011008,1
110010076012000,32
110010076012001,12
110010076012002,17
110010076012003,10
110010076012006,11
110010076012007,11
110010076012008,9
110010076012010,9
110010076012011,11
110010076013000,6
110010076013001,10
110010076013002,17
110010076013003,39
110010076013004,35
110010076013005,11
110010076014000,59
110010076014001,31
110010076014002,47
110010076014003,24
110010076014004,23
110010076014005,8
110010076014006,42
110010076014007,23
110010076015015,53
110010076015016,15
110010076015017,53
110010076015018,45
110010076015019,70
110010076015020,55
110010076015021,33
110010076015022,54
110010076031000,151
110010076031001,56
110010076031002,72
110010076031003,65
110010076031004,71
110010076031005,36
110010076031006,34
110010076032000,32
110010076032005,18
110010076032007,14
110010076032009,38
110010076032010,28
110010076033005,34
110010076033006,28
110010076033010,13
110010076034000,9
110010076034001,9
110010076034002,31
110010076034003,87
110010076034004,19
110010076034005,79
110010076034008,67
110010076034009,41
110010076041000,22
110010076042000,9
110010076042001,36
110010076042003,14
110010076042004,14
110010076042005,38
110010076042006,47
110010076042007,21
110010076042008,14
110010076042009,39
110010076042029,50
110010076042031,24
110010076043000,80
110010076043002,15
110010076043003,49
110010076043006,17
110010076051004,9
110010076051005,20
110010076051008,9
110010076051009,35
110010076052002,4
110010076053002,10
110010076053003,37
110010076053004,29
110010076053005,17
110010077031000,20
110010077031002,33
110010077031003,34
110010077032000,69
110010077032001,21
110010077032002,44
110010077032003,12
110010077032004,13
110010077034000,18
110010077034001,9
110010077034002,11
110010077034003,16
110010077072007,15
110010077072008,23
110010077072009,12
110010077072013,11
110010077072014,12
110010077081000,67
110010077081003,17
110010077082000,12
110010077082001,18
110010077082002,3
110010077082005,95
110010077082013,9
110010077082014,9
110010077082020,26
110010077091011,5
110010077091016,9
110010077091017,5
110010077091023,18
110010077091029,41
110010077091030,50
110010077091031,23
110010077091032,8
110010077092002,3
110010077092003,1
110010077092004,39
110010077092005,56
110010077092006,9
110010077092008,6
110010077092010,11
110010077092011,38
110010077092012,46
110010077092013,29
110010077092015,20
110010078031000,8
110010078031001,3
110010078031004,55
110010078031005,18
110010078031006,63
110010078031007,63
110010078031008,92
110010078031009,107
110010078031010,78
110010078031011,3
110010078031012,7
110010078031013,139
110010078031014,19
110010078032006,35
110010078033000,34
110010078033001,39
110010078033002,48
110010078033003,48
110010078033004,30
110010078033005,46
110010078033006,17
110010078033007,32
110010078033008,65
110010078033009,63
110010078033010,42
110010078033011,20
110010078034000,49
110010078034001,8
110010078034002,51
110010078034003,80
110010078034004,89
110010078034005,97
110010078034006,71
110010078041000,19
110010078041001,16
110010078041002,25
110010078041004,19
110010078042008,37
110010078043002,36
110010078043003,60
110010078043004,38
110010078043005,25
110010078043009,20
110010078043010,5
110010078043011,24
110010078043012,38
110010078043013,62
110010078043014,22
110010078043015,9
110010078043016,10
110010078043017,4
110010078043018,10
110010078061000,23
110010078061001,28
110010078061002,36
110010078061006,18
110010078061007,33
110010078061008,18
110010078062000,79
110010078062001,10
110010078062002,54
110010078062003,25
110010078062004,50
110010078062005,48
110010078062006,47
110010078062007,47
110010078062008,48
110010078062009,34
110010078062010,32
110010078062011,20
110010078062016,47
110010078062017,28
110010078071013,20
110010078081015,12
110010078082000,23
110010078082007,49
110010078082008,52
110010078082009,63
110010078082010,49
110010078082011,39
110010078082012,6
110010078082014,35
110010078082015,25
110010078082016,34
110010078082018,5
110010078082019,35
110010078083010,13
110010078091003,11
110010078091004,11
110010078092007,12
110010078092008,12
110010079011000,49
110010079011001,26
110010079011002,46
110010079011003,76
110010079011004,38
110010079011005,39
110010079012000,60
110010079012001,57
110010079012002,54
110010079012003,55
110010079012004,56
110010079012005,56
110010079013000,31
110010079013001,41
110010079013002,31
110010079013003,44
110010079013004,37
110010079013005,37
110010079013006,31
110010079014000,25
110010079014001,37
110010079014002,60
110010079014003,49
110010079014004,52
110010079014005,43
110010079014006,9
110010079031000,83
110010079031001,66
110010079031002,68
110010079031003,75
110010079031004,5
110010079031005,27
110010079031006,29
110010079031007,57
110010079031008,36
110010079031009,31
110010079031010,31
110010079031011,59
110010079031012,47
110010079031013,40
110010079031014,39
110010079031015,54
110010079031016,60
110010079031017,49
110010079031018,15
110010080011000,9
110010080011001,65
110010080011002,54
110010080011003,49
110010080011004,5
110010080011005,48
110010080011006,35
110010080012000,47
110010080012001,41
110010080012002,60
110010080012003,62
110010080012004,25
110010080012005,25
110010080012006,24
110010080012007,25
110010080012008,17
110010080012009,87
110010080012010,54
110010080012011,56
110010080012012,77
110010080012013,20
110010080013000,40
110010080013001,46
110010080013002,47
110010080013003,55
110010080013004,57
110010080013005,44
110010080021000,53
110010080021001,52
110010080021002,53
110010080021003,54
110010080021004,57
110010080021005,52
110010080021006,43
110010080021007,14
110010080021008,67
110010080021009,15
110010080021010,49
110010080021011,67
110010080021012,59
110010080021013,59
110010080022000,88
110010080022001,47
110010080022002,58
110010080022003,16
110010080022004,32
110010080022005,30
110010080022006,60
110010080022007,60
110010080022008,71
110010080022009,61
110010080022010,61
110010080022011,58
110010080022012,73
110010080022013,57
110010080022014,78
110010080022015,51
110010080022016,45
110010080022017,48
110010080022018,20
110010080022019,37
110010080022020,17
110010080022021,13
110010080022022,30
110010080022023,7
110010081001000,37
110010081001001,18
110010081001002,3
110010081001003,45
110010081001004,45
110010081001005,58
110010081001006,24
110010081002000,54
110010081002001,50
110010081002002,50
110010081002003,56
110010081002004,65
110010081002005,64
110010081002006,59
110010081002007,44
110010081002008,42
110010081003000,45
110010081003001,56
110010081003002,39
110010081003003,33
110010081003004,34
110010081003005,2
110010081003006,42
110010081003007,11
110010081003008,50
110010081003009,29
110010081003010,33
110010082001000,42
110010082001001,5
110010082001002,68
110010082001003,79
110010082001004,81
110010082001005,53
110010082002000,25
110010082002001,39
110010082002002,1
110010082002003,64
110010082002004,86
110010082002005,20
110010082002006,46
110010082002007,22
110010082002008,34
110010082002009,46
110010082002010,47
110010082002011,46
110010082002012,48
110010082002013,58
110010082002014,50
110010082002015,30
110010082002016,24
110010082002017,56
110010082002018,47
110010082002019,49
110010083011000,36
110010083011001,35
110010083011002,44
110010083011003,28
110010083011004,70
110010083011005,73
110010083011006,66
110010083011007,61
110010083012000,47
110010083012001,52
110010083012002,61
110010083012003,59
110010083012004,36
110010083012005,55
110010083012006,27
110010083012007,29
110010083012008,51
110010083012009,27
110010083012010,25
110010083012011,11
110010083012012,2
110010083012013,12
110010083012014,17
110010083021000,40
110010083021001,44
110010083021002,67
110010083021003,65
110010083021004,68
110010083021005,61
110010083021006,51
110010083021007,57
110010083021008,66
110010083021009,64
110010083021010,11
110010083021011,61
110010083021013,60
110010083021014,56
110010083021015,55
110010083021016,54
110010083021017,73
110010083021018,6
110010084021000,54
110010084021001,30
110010084021002,19
110010084021003,23
110010084021004,26
110010084021005,71
110010084021006,103
110010084021007,54
110010084021008,41
110010084021009,74
110010084022000,34
110010084022001,41
110010084022002,66
110010084022003,63
110010084022004,50
110010084022005,53
110010084022006,48
110010084022007,49
110010084022008,44
110010084022009,47
110010084022010,11
110010084101001,20
110010084101002,51
110010084101003,42
110010084101004,3
110010084101005,36
110010084101006,32
110010084101007,24
110010084101008,10
110010084101009,27
110010084101010,28
110010084101011,55
110010084101012,50
110010084101013,51
110010084101014,53
110010084101015,29
110010084101016,34
110010084101017,33
110010084101018,31
110010084101019,34
110010084101020,22
110010087011000,148
110010087011001,25
110010087011002,18
110010087011003,21
110010087011004,15
110010087011005,10
110010087011006,54
110010087011007,51
110010087011008,29
110010087011009,61
110010087011010,9
110010087011011,35
110010087012000,48
110010087012001,51
110010087012002,47
110010087012003,23
110010087012004,68
110010087012005,21
110010087012006,45
110010087012007,50
110010087012008,43
110010087012009,29
110010087012010,30
110010087012011,42
110010087021002,32
110010087021003,59
110010087021004,52
110010087021005,55
110010087021006,58
110010087021007,38
110010087021009,23
110010087021010,6
110010087021011,32
110010087022000,28
110010087022001,15
110010087022002,21
110010087022003,46
110010087022004,38
110010087022005,15
110010087022007,23
110010088022003,13
110010088022004,26
110010088022005,26
110010088022006,13
110010088022007,21
110010088022008,21
110010088022009,13
110010088022010,26
110010088022011,26
110010088023000,102
110010088023001,43
110010088023002,59
110010088023003,99
110010088023004,80
110010088023005,24
110010088024000,78
110010088024001,29
110010088024002,6
110010088024003,39
110010088024004,77
110010088024005,31
110010088031006,29
110010088031008,21
110010088031009,57
110010088031010,9
110010088031012,19
110010088031013,30
110010088031014,67
110010088031016,40
110010088031018,14
110010088031023,20
110010088031024,19
110010088031029,9
110010088031030,9
110010088041002,50
110010088041003,33
110010088041005,8
110010088041006,7
110010088042001,37
110010088042002,13
110010088042004,86
110010088042005,17
110010088042006,8
110010088042007,16
110010088042010,8
110010088042011,8
110010088042012,54
110010088042013,13
110010088042014,7
110010088042015,8
110010088042016,7
110010089031001,18
110010089031002,24
110010089031004,11
110010089031005,7
110010089031006,6
110010089031007,28
110010089031008,41
110010089031009,40
110010089031010,52
110010089031011,40
110010089031012,26
110010089031013,8
110010089031016,3
110010089032002,27
110010089032003,33
110010089041001,14
110010089041002,33
110010089041003,31
110010089041004,35
110010089041005,14
110010089041006,23
110010089042000,27
110010089042002,6
110010089042005,12
110010089042006,26
110010089042007,23
110010089042008,28
110010089042009,13
110010090001010,10
110010090002004,12
110010091021002,9
110010091021006,9
110010091021012,19
110010091021013,18
110010091022000,22
110010091022001,32
110010091022002,40
110010091022003,115
110010091022004,77
110010091022005,66
110010091022006,51
110010091022007,44
110010091022008,79
110010091022009,73
110010091022010,46
110010091022011,33
110010091023002,42
110010091023003,29
110010091023004,30
110010092011003,12
110010092011004,145
110010092011006,10
110010092011009,12
110010092011010,48
110010092011011,34
110010092011012,21
110010092011013,12
110010092011014,73
110010092011015,22
110010092011016,12
110010092031000,7
110010092031001,48
110010092031002,49
110010092031004,15
110010092031005,78
110010092032000,38
110010092032001,19
110010092032003,20
110010092032004,42
110010092032005,14
110010092032006,87
110010092032007,39
110010092032008,25
110010092032009,46
110010092032010,40
110010092032011,57
110010092032012,34
110010092032013,38
110010092041001,64
110010092041002,46
110010092041003,30
110010092041004,26
110010092041005,20
110010092041006,45
110010092041007,19
110010092042001,17
110010092042002,22
110010093011005,16
110010093011006,16
110010093012000,65
110010093012001,44
110010093012002,12
110010093012007,17
110010093012008,46
110010093012009,54
110010093012010,38
110010093012011,29
110010093012012,35
110010093012013,12
110010093012014,25
110010093012015,44
110010093012016,41
110010093012017,51
110010093012019,47
110010093012020,48
110010093012021,38
110010093012022,30
110010093012024,26
110010093012025,32
110010093012026,35
110010093013004,21
110010093013005,27
110010093013007,21
110010093013009,11
110010093013012,14
110010093013013,16
110010093013014,9
110010093013018,8
110010093013023,8
110010093014000,21
110010093014001,66
110010093014002,66
110010093014003,33
110010093014004,21
110010093014005,37
110010093014006,12
110010093014007,41
110010093014008,33
110010093014009,37
110010093021001,67
110010093021002,67
110010093021003,37
110010093021004,23
110010093021005,45
110010093021006,67
110010093021009,68
110010093021010,51
110010093021011,25
110010093021012,60
110010093021013,63
110010093021014,34
110010093021017,63
110010094001013,36
110010094001014,47
110010094002001,15
110010094002002,25
110010094002013,23
110010094002014,34
110010094002016,57
110010094002017,47
110010094002018,84
110010094002019,39
110010094002020,34
110010094002025,20
110010094003009,14
110010094003020,12
110010094004003,8
110010094004004,50
110010094004005,24
110010094004013,26
110010094004014,5
110010094004015,40
110010095011000,70
110010095011001,100
110010095011002,16
110010095011003,28
110010095011004,18
110010095011005,64
110010095011006,76
110010095012000,41
110010095031003,20
110010095031004,32
110010095031005,28
110010095031006,9
110010095031008,23
110010095031013,16
110010095031014,59
110010095031015,14
110010095031016,23
110010095031017,20
110010095032000,20
110010095032001,31
110010095032002,50
110010095032003,27
110010095032009,24
110010095032014,20
110010095032015,14
110010095033000,36
110010095033001,5
110010095033002,34
110010095033003,5
110010095033004,14
110010095033005,5
110010095033006,1
110010095033007,3
110010095033008,44
110010095033011,6
110010095033017,49
110010095041000,8
110010095041001,4
110010095041002,46
110010095041003,55
110010095041004,50
110010095041005,59
110010095041006,42
110010095041009,56
110010095041010,84
110010095041011,54
110010095041012,33
110010095041014,50
110010095041015,16
110010095041017,23
110010095041018,60
110010095041019,112
110010095041020,60
110010095041021,7
110010095041023,3
110010095041024,18
110010095041025,3
110010095042001,152
110010095042002,63
110010095042004,64
110010095042010,33
110010095042012,31
110010095042013,16
110010095042015,4
110010095042016,44
110010095042017,8
110010095052002,10
110010095052004,25
110010095052006,14
110010095052010,48
110010095052011,54
110010095052013,18
110010095052016,16
110010095052017,10
110010095052022,11
110010095053002,10
110010095053003,8
110010095053004,14
110010095053006,22
110010095053007,28
110010095053008,69
110010095053009,25
110010095053014,40
110010095053017,23
110010095053019,15
110010095053020,16
110010095053021,17
110010095053022,30
110010095071000,49
110010095071002,26
110010095071003,83
110010095071004,33
110010095071005,31
110010095071007,28
110010095071008,47
110010095071009,113
110010095071010,49
110010095081000,27
110010095081002,1
110010095081004,51
110010095081005,52
110010095081006,31
110010095081007,86
110010095081008,59
110010095081009,31
110010095081011,104
110010095081012,108
110010095082000,25
110010095082001,20
110010095082002,13
110010095082005,127
110010095082006,30
110010095082007,72
110010095082008,57
110010095083001,35
110010095083002,90
110010095083003,69
110010095083004,79
110010095083005,52
110010095083007,108
110010095091001,30
110010095091002,62
110010095091003,82
110010095091004,65
110010095092000,36
110010095092001,13
110010095092002,12
110010095092005,24
110010095092010,28
110010095092012,24
110010095093000,62
110010095093001,17
110010095093002,83
110010095093003,99
110010095093004,45
110010096011011,6
110010096011012,149
110010096011013,19
110010096011026,17
110010096011027,18
110010096011033,41
110010096011036,437
110010096011037,334
110010096011038,64
110010096011039,44
110010096011040,163
110010096011041,24
110010096011042,36
110010096011043,47
110010096011047,61
110010096021014,113
110010096021015,96
110010096021016,11
110010096021020,100
110010096021021,13
110010096021022,5
110010096021028,15
110010096021029,206
110010096032002,40
110010096032003,41
110010096032004,66
110010096032005,32
110010096032006,8
110010096032007,13
110010096032008,11
110010096032009,39
110010096033001,33
110010096033004,15
110010096033005,56
110010096041008,71
110010096041009,73
110010096042001,53
110010096042003,43
110010096042004,21
110010096042005,40
110010096042006,16
110010096042007,16
110010096042010,110
110010096042011,58
110010097001012,28
110010097001014,12
110010097001015,39
110010098011004,34
110010098011005,56
110010098011013,21
110010098011014,30
110010098021001,59
110010098022002,23
110010098022003,24
110010098031002,24
110010098032006,48
110010098033004,16
110010098033005,11
110010098041001,17
110010098042000,31
110010098042001,16
110010098042003,20
110010098071010,12
110010098071011,23
110010098071014,12
110010098072006,14
110010098072007,46
110010098072008,62
110010098101000,15
110010098102000,20
110010098102003,6
110010098102005,7
110010098111000,15
110010098111001,80
110010098111003,15
110010098112002,80
110010098112003,29
110010098112005,17
110010098112006,15
110010098112007,29
110010098112008,26
110010099011000,5
110010099011010,10
110010099011011,25
110010099011012,72
110010099012002,42
110010099012005,32
110010099012007,9
110010099012008,11
110010099021010,11
110010099021016,5
110010099022000,10
110010099022001,7
110010099022002,9
110010099022004,34
110010099022005,41
110010099022007,71
110010099031000,160
110010099031001,54
110010099032000,30
110010099032001,50
110010099032002,20
110010099032003,20
110010099032004,40
110010099032005,64
110010099041007,36
110010099051007,7
110010099051008,7
110010099052004,14
110010099052007,14
110010099053000,7
110010099053003,7
110010099061000,74
110010099061001,100
110010099061002,54
110010099061003,83
110010099061004,74
110010099061005,100
110010099061006,82
110010099061007,94
110010099061008,41
110010099072004,32
110010099072005,30
110010101001000,26
110010101001001,4
110010101001002,1
110010101001003,7
110010101001005,11
110010101001006,13
110010101001025,4
110010101002000,18
110010101002001,19
110010102001012,2
110010102001016,35
110010102001018,83
110010102001019,56
110010102001020,51
110010102001021,47
110010102002023,4
110010102002024,6
110010102002038,70
110010102002039,106
110010102002040,38
110010102002041,9
110010102002042,48
110010102002043,45
110010102002044,10
110010103001000,42
110010103001001,25
110010103001002,16
110010103001003,34
110010103001004,18
110010103001005,21
110010103001006,33
110010103001009,45
110010103001010,53
110010103001011,17
110010103001012,60
110010103001013,56
110010103001014,61
110010103001015,74
110010103001016,63
110010103001017,47
110010103002001,26
110010103002002,54
110010103002003,46
110010103002004,72
110010103002005,79
110010103002006,76
110010103002007,54
110010103002008,28
110010103002009,56
110010103002010,5
110010103002011,1
110010103002012,70
110010103002013,67
110010103003000,53
110010103003001,106
110010103003002,58
110010103003003,61
110010103003004,75
110010103003005,68
110010103003006,36
110010103003007,53
110010103003008,40
110010103003009,17
110010103003010,62
110010103003011,82
110010103003012,83
110010104001005,21
110010104001008,15
110010104001010,23
110010104001011,13
110010104001012,40
110010104001013,16
110010104001014,2
110010104001015,48
110010104001016,41
110010104001021,24
110010104001024,14
110010104001025,23
110010104002020,40
110010104002027,28
110010104002036,7
110010104002039,83
110010104002040,43
110010105001001,72
110010105001002,21
110010105001003,94
110010105001004,67
110010105001005,70
110010105001006,13
110010105001007,10
110010105001009,44
110010105001010,60
110010105002022,1
110010105002027,39
110010105002028,83
110010106001000,5
110010106001001,24
110010106001002,38
110010106001003,42
110010106001004,33
110010106001005,65
110010106001006,55
110010106001007,23
110010106002000,24
110010106002011,23
110010106002012,56
110010106002013,60
110010106002014,62
110010106002015,55
110010106002016,42
110010106002017,57
110010106002018,12
110010106002025,42
110010106002034,21
110010106002035,11
110010106002036,41
110010106002037,17
110010106002042,19
110010106002043,49
110010106002044,50
110010106002045,42
110010106002046,51
110010106002047,51
110010106002048,36
110010106002049,34
110010106002050,31
110010106002051,11
110010106003000,48
110010106003001,4
110010106003002,80
110010106003003,84
110010106003004,51
110010106003005,25
110010106003006,34
110010107001006,36
110010107001007,40
110010107001008,34
110010107001009,3
110010107001010,21
110010107001011,3
110010107001013,16
110010107002002,9
110010107002003,20
110010107002005,6
110010107002007,18
110010107002008,22
110010107002019,6
110010108001001,5
110010108001002,5
110010108001003,25
110010108001004,2
110010108001005,3
110010108001006,10
110010108001007,3
110010108002003,5
110010108002007,11
110010108002008,26
110010108002009,24
110010108002010,6
110010108002012,7
110010108002020,2
110010108003000,28
110010108003001,1
110010108003003,45
110010108003004,22
110010108003005,7
110010108003006,10
110010108003007,1
110010108003009,7
110010110001000,42
110010110001001,8
110010110001002,65
110010110002000,76
110010110002001,28
110010110002003,29
110010110003000,49
110010110003001,29
110010110003003,13
110010110004000,42
110010110004001,59
110010110004002,105
110010111001000,19
110010111001002,12
110010111001005,19
110010111001006,30
110010111001007,33
110010111001008,34
110010111001009,17
110010111001010,29
110010111001011,30
110010111001012,30
110010111001013,39
110010111001014,11
110010111001015,3
110010111001016,118
110010111001017,19
110010111001018,5
110010111001019,88
110010111001020,77
110010111001021,24
110010111001022,33
110010111001023,63
110010111001024,81
110010111001025,77
110010111001026,37
110010111001027,6
110010111001030,36
110010111002001,11
110010111002002,29
110010111002003,12
110010111002004,35
110010111002014,38
110010111002015,33
110010111002020,6
110010111002031,13
110010111003000,3
110010111003007,4
110010111003008,1
110010111003009,13
